68813,1,43.200000,146.054100,51.200000,3.200000
68814,2,35.411100,140.455800,46.650000,3.500000
68815,1,32.041000,131.500800,34.040000,3.100000
68816,3,24.115400,124.140900,14.480000,4.200000
68817,5,24.109600,124.146000,14.480000,4.200000
68818,1,38.534000,142.046200,44.520000,3.600000
68819,12,35.439600,140.120200,65.810000,3.600000
68820,19,36.425600,140.571400,32.130000,3.800000
68821,141,36.104900,140.067600,51.380000,3.900000
68822,5,40.077000,142.284900,33.620000,3.800000
68823,7,38.512900,142.028700,45.210000,3.600000
68824,8,33.280600,132.178800,47.310000,3.200000
68825,1,36.509300,141.196900,43.060000,3.600000
68826,522,33.016400,130.332600,10.440000,5.100000
68827,3,33.016100,130.329600,10.670000,2.400000
68828,17,33.015600,130.335600,11.090000,3.200000
68829,6,37.216600,141.266600,34.600000,3.800000
68830,1,32.116800,131.575700,19.600000,2.900000
68831,4,32.397400,130.402800,10.530000,2.600000
68832,1,35.247700,139.333700,113.510000,3.500000
68833,10,39.204200,142.038200,48.340000,3.700000
68834,1,26.347100,127.550100,14.430000,2.900000
68835,2,38.313000,139.267600,9.520000,3.000000
68836,2,33.009100,130.343500,10.250000,2.400000
68837,34,31.139800,130.412300,108.970000,4.000000
68838,27,33.015500,130.330500,10.530000,3.200000
68839,1,29.129600,129.096200,10.120000,2.800000
68840,1,29.131600,129.086300,10.040000,2.800000
68841,1,32.442200,130.414200,10.750000,1.800000
68842,1,26.240800,144.445400,0.000000,5.900000
68843,2,32.334900,130.429500,8.430000,2.600000
68844,1,32.442200,130.413200,10.670000,1.800000
68845,212,38.417200,141.284800,101.980000,4.500000
68846,11,35.248400,137.424300,15.680000,3.200000
68847,1,37.125500,136.441300,9.730000,3.100000
68848,5,35.426700,140.368400,51.600000,3.000000
68849,2,28.216500,128.445600,68.650000,3.600000
68850,2,35.223900,139.071400,21.520000,2.900000
68851,4,42.395100,141.592600,34.830000,3.000000
68852,2,42.026300,143.027900,17.910000,3.500000
68853,122,35.009300,139.549600,51.910000,4.100000
68854,17,28.257800,129.284600,8.760000,4.000000
68855,1,41.560300,140.583300,9.050000,1.900000
68856,192,30.343500,131.098700,30.050000,6.000000
68857,5,35.281000,138.579700,21.910000,3.000000
68858,1,30.353300,131.102300,29.940000,3.700000
68859,4,33.009600,130.343000,10.420000,2.500000
68860,33,35.571600,138.494500,153.670000,3.800000
68861,2,38.108300,141.423300,49.820000,3.600000
68862,1,42.338100,142.001000,35.000000,2.800000
68863,2,24.206000,123.425300,6.420000,3.200000
68864,15,37.187300,138.519800,11.320000,3.200000
68865,20,36.014300,139.328200,55.560000,3.200000
68866,1,31.440200,130.462100,7.820000,1.700000
68867,1,36.434300,136.598200,8.400000,1.900000
68868,4,34.523700,137.534300,14.700000,3.000000
68869,14,34.522200,137.532300,14.290000,3.500000
68870,3,34.525000,137.535000,14.240000,2.800000
68871,1,32.241300,130.328500,5.170000,2.300000
68872,1,36.310700,140.391100,16.350000,3.000000
68873,2,36.237100,136.249200,9.150000,1.600000
68874,11,39.385300,141.599300,40.790000,3.700000
68875,2,34.525400,137.533800,14.660000,2.900000
68876,1,36.374600,138.217900,1.660000,2.000000
68877,1,34.484000,132.042600,10.540000,2.300000
68878,11,37.145300,141.228000,23.350000,4.300000
68879,2,37.141500,141.215100,22.430000,3.600000
68880,138,37.144800,141.235100,22.090000,4.900000
68881,1,34.217800,134.537400,11.780000,2.300000
68882,792,36.097500,139.486200,53.060000,4.900000
68883,2,39.388400,142.064600,47.990000,3.300000
68884,24,32.310000,132.068600,31.050000,3.900000
68885,1,38.414700,141.579000,52.000000,3.300000
68886,26,36.257700,140.393600,52.870000,3.600000
68887,5,35.476400,140.361100,59.820000,3.400000
68888,4,34.236600,134.464700,10.140000,3.100000
68889,1,34.111300,135.077600,6.170000,2.400000
68890,12,38.428200,142.141300,38.470000,3.900000
68891,1,42.576300,146.321500,55.640000,4.100000
68892,4,44.283100,146.308300,172.750000,4.200000
68893,32,41.582100,142.336400,62.790000,4.300000
68894,4,36.167700,140.513800,44.640000,3.400000
68895,1,34.461400,139.189400,9.770000,2.900000
68896,4,31.108100,130.206200,149.790000,4.000000
68897,1,42.434600,141.537300,14.390000,1.900000
68898,2,27.199800,128.528200,30.530000,3.400000
68899,3,42.438700,141.538200,12.930000,2.500000
68900,3,33.449000,133.336400,5.920000,2.500000
68901,5,34.525100,137.534000,14.260000,3.100000
68902,36,32.484200,130.372600,13.580000,3.500000
68903,17,36.239400,137.585600,10.030000,3.200000
68904,1,24.480900,125.218600,51.360000,3.700000
68905,3,32.485700,130.373900,13.730000,2.600000
68906,8,26.133900,127.508500,13.970000,2.600000
68907,786,35.552300,140.259400,54.310000,5.300000
68908,6,40.147600,140.242800,9.200000,3.100000
68909,73,40.443400,142.338700,0.290000,4.900000
68910,1,32.273300,130.367600,10.800000,2.700000
68911,6,36.528300,141.189700,33.340000,4.000000
68912,93,36.313300,140.343100,57.690000,3.900000
68913,1,32.462400,130.423100,5.560000,1.100000
68914,23,40.419800,142.365200,0.280000,4.500000
68915,37,33.015500,130.330400,9.660000,3.500000
68916,73,32.523000,132.199800,33.420000,4.400000
68917,34,35.588000,140.482100,54.900000,4.000000
68918,4,40.545900,142.064800,54.010000,3.700000
68919,3,28.177300,129.350000,31.980000,3.100000
68920,3,28.487200,129.543200,0.280000,3.800000
68921,1,42.024800,142.454700,51.390000,3.600000
68922,3,28.485800,129.543200,0.310000,4.000000
68923,11,35.514200,140.559900,32.950000,3.400000
68924,1,35.513500,140.566300,32.800000,2.900000
68925,10,36.273300,140.393700,17.500000,3.300000
68926,1,24.150300,123.489300,16.650000,2.700000
68927,8,37.041100,141.111100,49.020000,3.500000
68928,9,39.080200,141.333100,109.180000,3.800000
68929,11,38.322000,141.432500,52.540000,3.700000
68930,1,36.033800,137.328000,8.310000,2.100000
68931,2,36.434800,136.598300,7.530000,2.200000
68932,18,31.514100,129.090900,8.970000,4.500000
68933,23,26.501900,128.126700,45.050000,4.100000
68934,3,36.408700,140.395400,11.450000,2.900000
68935,7,35.271500,135.590800,13.800000,2.900000
68936,2,34.028700,135.093200,5.910000,2.400000
68937,1,36.327900,140.518000,16.080000,3.100000
68938,5,29.575400,131.253400,32.870000,4.900000
68939,1,29.567000,131.241500,28.370000,3.700000
68940,31,31.510900,129.107700,6.920000,4.600000
68941,15,36.033100,137.352300,7.620000,3.500000
68942,9,30.161000,131.238100,21.580000,4.500000
68943,80,36.221600,139.575600,110.390000,4.000000
68944,3,43.069800,146.071100,51.350000,3.900000
68945,282,33.009300,130.342500,9.960000,4.300000
68946,394,40.168400,142.196500,37.650000,5.600000
68947,3,29.137500,130.269000,59.990000,4.800000
68948,3,24.176200,125.167700,43.950000,4.600000
68949,49,38.293900,141.376400,62.900000,3.900000
68950,3,36.385900,139.309600,6.130000,3.100000
68951,3,24.202900,125.139700,41.020000,4.600000
68952,1,35.165500,137.473800,5.580000,2.200000
68953,1,35.383200,140.053500,66.660000,3.200000
68954,4,33.546600,135.128400,8.190000,3.000000
68955,95,33.557300,134.092600,37.070000,3.900000
68956,1,39.203900,142.038800,47.780000,3.100000
68957,5,35.468100,137.244500,11.990000,2.900000
68958,1,37.314900,141.222100,50.100000,3.200000
68959,54,35.003900,141.073300,49.660000,5.200000
68960,2,38.081800,138.129100,17.290000,3.100000
68961,1,33.544300,134.425400,13.030000,2.600000
68962,1,36.127900,137.312100,3.410000,2.500000
68963,1,34.019800,135.151600,4.270000,1.800000
68964,5,36.128900,137.311100,3.430000,3.000000
68965,2,27.195800,128.568400,24.880000,3.800000
68966,7,23.416800,122.223900,0.290000,5.600000
68967,1,39.570600,140.365600,3.630000,2.800000
68968,2,34.216700,131.477700,17.200000,3.300000
68969,1,35.215400,133.375900,9.900000,2.500000
68970,4,34.461900,135.168200,6.980000,2.800000
68971,2,24.037800,123.323100,25.940000,3.800000
68972,2,32.321500,132.001200,35.640000,3.400000
68973,12,39.384500,142.069400,48.160000,3.700000
68974,3,36.033200,137.352700,6.710000,2.700000
68975,1,33.010100,130.340500,9.020000,2.400000
68976,6,32.153300,130.186800,10.170000,2.900000
68977,39,35.343300,141.027700,36.670000,4.700000
68978,3,34.273200,134.506400,16.250000,3.100000
68979,64,37.011500,141.077300,50.270000,4.000000
68980,2,41.238400,141.529200,24.010000,3.500000
68981,1,36.364000,141.004700,46.400000,3.400000
68982,2,43.317900,146.533000,44.660000,4.500000
68983,1,38.107800,141.413500,50.300000,3.600000
68984,3,32.366000,132.073600,36.580000,3.300000
68985,70,38.206900,141.521300,63.340000,4.100000
68986,4,36.375300,138.217500,1.160000,2.700000
68987,2,35.335400,141.031700,37.310000,3.700000
68988,14,30.588900,131.461900,48.740000,4.200000
68989,1,36.126100,137.340200,3.770000,2.300000
68990,12,35.144900,139.096200,13.690000,3.100000
68991,80,36.011500,139.540800,41.100000,3.600000
68992,1,36.381100,139.266800,3.640000,2.100000
68993,5,24.039400,124.329700,0.450000,4.800000
68994,2,42.366100,141.577100,38.480000,2.900000
68995,1,43.250400,144.032400,0.620000,1.700000
68996,3,39.297000,142.396100,33.430000,4.200000
68997,10,36.374400,138.218400,1.910000,3.000000
68998,77,35.091000,138.256100,20.640000,4.000000
68999,17,38.252000,142.107700,44.240000,3.900000
69000,2,28.144400,128.422400,65.130000,3.600000
69001,1,39.274000,140.225000,8.600000,2.000000
69002,8,35.253900,133.501300,13.120000,3.100000
69003,8,36.033500,137.353100,7.100000,3.000000
69004,18,43.490800,145.434100,110.110000,4.800000
69005,13,36.056400,136.020700,13.380000,3.200000
69006,5,40.214600,142.048400,50.700000,3.700000
69007,1,37.035700,141.242300,32.620000,3.400000
69008,23,28.164600,129.302800,36.360000,4.900000
69009,2,40.542500,142.014700,63.750000,3.100000
69010,10,36.260200,141.032700,45.280000,3.700000
69011,27,33.345000,134.266500,33.730000,3.800000
69012,1,34.456000,139.181200,1.350000,2.000000
69013,1,34.445400,139.181700,4.520000,2.600000
69014,1,34.455500,139.182100,2.070000,2.500000
69015,1,19.233100,145.421600,1.270000,6.500000
69016,9,33.479100,134.549800,13.660000,3.600000
69017,5,34.010200,135.473100,48.010000,3.300000
69018,3,44.307900,142.117200,241.220000,4.500000
69019,8,32.456500,130.435700,10.800000,2.900000
69020,3,32.457200,130.436000,10.760000,2.700000
69021,1,32.456500,130.437100,10.950000,2.600000
69022,1,34.451800,139.183200,3.790000,2.600000
69023,4,34.454300,139.180400,0.480000,3.400000
69024,1,34.459700,139.185200,0.000000,2.200000
69025,1,34.457800,139.176900,0.000000,2.000000
69026,1,36.481000,138.079000,6.990000,2.400000
69027,2,44.315400,145.448200,22.860000,4.100000
69028,10,36.586600,140.393400,19.810000,3.700000
69029,10,42.414900,142.121100,6.430000,3.500000
69030,1,25.262200,141.033100,0.000000,4.900000
69031,1,29.152200,129.059000,10.210000,3.000000
69032,28,36.121900,139.476700,55.570000,3.400000
69033,1,32.306700,130.438800,11.640000,2.300000
69034,17,39.452900,141.504700,57.890000,3.700000
69035,9,25.248800,124.486900,16.640000,5.100000
69036,3,25.277600,124.508400,0.000000,5.000000
69037,1,25.253800,124.480500,0.070000,4.900000
69038,10,25.266300,124.497200,12.390000,5.500000
69039,24,37.425900,140.000700,7.000000,3.800000
69040,9,37.426400,138.160400,24.860000,3.500000
69041,3,36.185300,142.089900,0.670000,5.000000
69042,7,25.276200,124.500400,8.450000,4.800000
69043,1,27.405400,128.512000,41.830000,3.200000
69044,30,38.431200,142.127600,39.550000,4.000000
69045,12,39.455000,141.501000,58.810000,3.700000
69046,2,33.546100,134.426300,12.730000,2.800000
69047,1,38.207700,141.397500,52.140000,3.300000
69048,5,28.123700,129.319800,33.300000,3.400000
69049,4,28.114500,129.322900,32.100000,3.400000
69050,132,36.279400,140.313700,57.860000,3.800000
69051,15,28.125600,129.319400,34.100000,4.100000
69052,46,34.463900,137.387600,28.710000,3.500000
69053,2,42.401500,142.001300,37.800000,2.900000
69054,78,36.277700,137.397000,0.000000,4.700000
69055,4,36.276900,137.387900,0.000000,3.000000
69056,121,38.513100,141.363200,73.720000,4.200000
69057,3,32.191100,130.336200,7.310000,2.800000
69058,2,36.289700,137.396400,2.110000,3.000000
69059,5,28.187300,130.185400,28.190000,4.700000
69060,1,28.214600,130.162400,25.420000,3.400000
69061,100,36.042200,139.512600,43.060000,3.700000
69062,1,35.107100,139.563500,32.750000,2.800000
69063,1,36.007400,137.247600,7.840000,2.200000
69064,3,42.351900,141.585600,34.600000,3.100000
69065,4,28.337900,129.593400,30.330000,4.500000
69066,5,38.442400,142.223000,32.280000,3.800000
69067,320,42.459700,142.002000,33.300000,5.800000
69068,14,42.456900,141.598800,33.420000,3.600000
69069,1,35.456400,140.528400,8.220000,2.700000
69070,10,42.450500,141.588500,36.800000,3.200000
69071,3,34.027700,135.186200,5.890000,2.800000
69072,1,42.461700,141.591000,30.950000,2.500000
69073,3,28.115100,129.322700,32.560000,3.300000
69074,1,28.125400,129.320800,34.580000,3.200000
69075,17,42.462200,141.589900,30.040000,3.900000
69076,25,36.499000,140.353400,6.940000,3.700000
69077,1,30.363000,131.085900,31.360000,3.000000
69078,227,32.316800,129.561600,13.920000,4.400000
69079,90,37.007600,141.503700,59.190000,4.500000
69080,14,42.453100,141.582400,37.420000,3.300000
69081,167,37.292000,142.000600,33.990000,4.800000
69082,36,35.323000,136.187700,39.470000,3.400000
69083,1,40.450900,142.138500,46.060000,3.000000
69084,1,35.533800,140.333800,35.930000,2.900000
69085,1,33.015500,130.333600,10.150000,2.500000
69086,9,44.382000,148.162500,1.000000,5.400000
69087,1,37.495000,140.503700,114.290000,3.500000
69088,10,34.406300,140.069600,63.220000,4.200000
69089,19,32.385200,130.420800,10.290000,3.100000
69090,8,36.499500,140.352800,6.810000,3.400000
69091,28,36.401900,140.575500,49.580000,3.500000
69092,62,38.210700,142.083200,39.590000,4.600000
69093,47,36.033100,137.350100,7.860000,3.700000
69094,1,35.329000,139.387900,22.880000,2.400000
69095,1,36.033700,137.352100,6.600000,2.300000
69096,14,42.459800,141.590200,30.570000,3.500000
69097,5,40.039700,142.128500,43.660000,3.700000
69098,3,32.500600,130.496000,12.280000,2.600000
69099,1,35.138200,134.152100,5.060000,2.000000
69100,9,27.268700,128.392600,43.160000,3.800000
69101,2,32.573800,131.046800,6.930000,2.200000
69102,2,32.574700,131.046500,6.930000,2.300000
69103,3,32.574400,131.048000,6.920000,2.700000
69104,1,32.575100,131.044400,7.560000,2.000000
69105,10,32.574700,131.044400,7.710000,3.400000
69106,3,32.575700,131.046800,7.150000,2.400000
69107,146,36.271400,141.031200,44.340000,4.400000
69108,393,42.004800,146.517200,0.510000,6.200000
69109,13,36.007600,140.039700,61.780000,3.400000
69110,1,22.292500,143.406900,1.310000,5.400000
69111,3,37.001300,138.245000,12.190000,2.400000
69112,1,36.278300,141.025000,43.540000,2.900000
69113,4,42.348700,144.567700,49.950000,3.900000
69114,45,35.530300,138.425200,6.160000,3.700000
69115,3,32.390300,131.378000,10.890000,3.000000
69116,6,35.106000,139.563300,32.670000,2.900000
69117,2,35.106400,139.563900,33.900000,3.000000
69118,1,33.071500,129.367500,12.130000,2.700000
69119,30,36.088500,140.000000,48.190000,3.300000
69120,2,42.455800,142.002300,33.890000,2.600000
69121,1,35.137900,134.151800,4.720000,1.800000
69122,1,38.146300,141.422700,49.970000,3.500000
69123,19,32.461000,131.556400,48.020000,3.700000
69124,1,35.165500,137.443700,7.790000,2.400000
69125,1,27.268000,142.065700,0.690000,3.900000
69126,19,38.532400,141.584300,49.320000,3.900000
69127,233,38.432100,141.380700,69.750000,4.600000
69128,1,26.090100,141.041600,26.510000,4.700000
69129,1,41.351200,142.035800,62.700000,3.200000
69130,13,33.222200,134.479200,31.610000,3.900000
69131,3,31.330900,131.501900,23.140000,3.800000
69132,6,37.020500,138.061500,10.350000,2.700000
69133,6,36.366500,141.003900,46.470000,3.500000
69134,3,42.415400,141.582000,31.130000,3.000000
69135,3,33.035900,131.067600,12.320000,2.900000
69136,1,44.078000,142.203300,0.000000,2.100000
69137,397,35.223400,136.410400,42.110000,4.400000
69138,3,37.024100,141.182300,47.400000,3.400000
69139,20,37.097400,138.421100,12.840000,3.200000
69140,1,34.125600,135.075800,7.700000,2.500000
69141,1,35.413700,140.576300,17.870000,3.200000
69142,2,32.513800,130.507900,10.030000,2.400000
69143,19,36.382900,140.540400,50.120000,3.500000
69144,7,31.505500,130.414700,8.700000,2.800000
69145,6,35.133900,137.129500,44.390000,3.100000
69146,2,43.521100,148.200300,0.000000,5.000000
69147,1,41.301900,140.519500,13.440000,2.100000
69148,1,38.419200,141.477000,51.890000,3.000000
69149,210,36.457300,142.243800,17.760000,6.000000
69150,14,36.435900,142.292300,0.280000,4.900000
69151,12,36.105200,140.029700,51.560000,3.300000
69152,1,36.441500,142.214000,0.370000,5.000000
69153,1,37.103700,141.119900,20.630000,3.400000
69154,1,35.512700,137.413700,9.160000,2.200000
69155,3,34.028700,135.168500,4.910000,2.700000
69156,285,33.114200,132.427700,38.130000,4.600000
69157,1,39.508400,140.509000,4.230000,2.800000
69158,1,36.298300,138.033900,9.090000,2.100000
69159,16,36.540200,141.036400,51.010000,3.800000
69160,7,38.221800,142.105900,42.490000,4.200000
69161,846,33.480600,134.548100,43.050000,5.300000
69162,1,33.470800,134.572700,41.540000,3.000000
69163,2,34.149200,135.247900,7.430000,2.200000
69164,46,35.396800,140.439300,47.500000,4.000000
69165,1,35.400200,140.444900,48.660000,3.100000
69166,6,36.270300,141.092300,44.920000,3.500000
69167,7,42.187500,143.029700,51.640000,3.800000
69168,1,25.046300,124.168500,105.130000,4.300000
69169,1,32.385400,130.399100,8.370000,2.000000
69170,1,39.580100,143.104900,20.420000,4.500000
69171,2,35.215900,140.204300,21.490000,2.300000
69172,21,32.264000,132.102400,29.280000,3.800000
69173,76,35.443700,140.546400,13.420000,4.100000
69174,2,34.549700,140.054400,20.130000,2.700000
69175,8,34.550200,140.050800,19.180000,3.100000
69176,5,34.549000,140.054800,22.280000,2.800000
69177,16,41.026300,142.270300,49.190000,4.100000
69178,30,40.032300,141.483200,56.730000,3.700000
69179,1,36.484200,140.320800,8.480000,3.200000
69180,1,28.317900,130.050800,32.140000,3.400000
69181,2,32.514600,130.501000,13.150000,2.600000
69182,2,30.111200,130.281200,4.410000,3.300000
69183,4,34.215600,139.137100,6.510000,3.100000
69184,38,32.472100,130.397200,11.280000,3.500000
69185,1,28.071100,128.011100,8.120000,4.600000
69186,1,43.284700,144.019500,0.000000,2.000000
69187,1,31.505600,130.416500,9.120000,2.200000
69188,4,36.525600,139.318200,7.010000,3.000000
69189,1,32.394000,130.437600,10.400000,2.200000
69190,1,32.193100,130.278000,9.640000,2.300000
69191,8,36.386200,137.510500,3.000000,3.000000
69192,2,36.386500,137.513600,3.230000,2.400000
69193,2,36.387300,137.513100,3.560000,2.600000
69194,3,36.386000,137.513200,3.590000,2.400000
69195,6,27.071100,128.278400,15.770000,3.700000
69196,1,32.516500,130.499500,13.120000,2.100000
69197,1,40.220100,141.173800,5.330000,2.200000
69198,1,37.091200,138.215700,17.050000,2.100000
69199,7,36.021300,139.556900,42.890000,3.100000
69200,2,32.108000,131.460100,33.550000,3.200000
69201,1,27.510000,128.305400,62.760000,3.800000
69202,17,36.547100,141.111600,54.110000,3.700000
69203,12,36.150600,140.340200,92.890000,3.400000
69204,54,37.199000,140.182100,98.930000,4.100000
69205,1,35.074300,135.409300,5.830000,2.300000
69206,1,32.461800,130.464700,10.360000,2.300000
69207,3,36.328700,139.221200,5.960000,2.900000
69208,4,32.384100,130.422300,10.040000,2.700000
69209,3,35.253900,133.498500,10.580000,2.500000
69210,30,33.500800,134.557900,40.400000,3.600000
69211,1,43.121000,146.324000,47.180000,3.600000
69212,2,32.090900,132.094800,18.680000,3.700000
69213,311,32.091800,132.093100,14.600000,5.400000
69214,9,32.088900,132.080900,18.330000,4.100000
69215,6,39.067500,142.068500,45.320000,3.400000
69216,451,32.098900,132.090300,20.630000,5.400000
69217,1,32.120800,132.073700,19.810000,2.900000
69218,10,32.129800,132.076900,19.410000,3.800000
69219,1,28.524700,129.424100,60.220000,3.700000
69220,77,42.268700,143.402900,78.400000,4.600000
69221,6,36.125400,140.566200,39.100000,3.500000
69222,58,37.020900,141.116900,20.650000,4.500000
69223,72,36.173100,141.098800,46.250000,4.300000
69224,1,36.581700,139.249900,6.800000,2.200000
69225,88,38.110300,141.414800,50.250000,4.100000
69226,51,30.353800,131.093500,31.510000,5.000000
69227,1,38.213800,140.396800,4.870000,1.800000
69228,8,41.290600,142.017600,63.350000,3.900000
69229,1,41.557200,140.582800,8.870000,1.700000
69230,4,36.529000,140.499600,13.080000,3.500000
69231,2,41.284200,142.019100,63.150000,3.600000
69232,4,36.399400,138.137100,7.700000,2.600000
69233,1,36.398000,138.137300,6.790000,2.700000
69234,6,36.398300,138.139300,6.890000,2.900000
69235,1,34.155600,135.255700,6.930000,2.100000
69236,1,32.101100,130.240200,8.230000,2.500000
69237,17,38.371000,141.535900,48.010000,3.900000
69238,3,33.470100,133.319300,4.580000,2.600000
69239,14,36.067300,139.591000,67.610000,3.400000
69240,4,37.133300,141.212000,54.300000,3.700000
69241,1,36.550000,140.320400,9.140000,2.600000
69242,34,41.584200,142.321700,61.630000,4.300000
69243,3,35.242200,136.453700,8.700000,2.300000
69244,32,42.451100,141.589400,36.990000,4.000000
69245,1,37.122900,141.445000,69.360000,3.800000
69246,8,38.199900,141.381400,53.120000,3.600000
69247,1,35.440100,140.375600,51.510000,2.800000
69248,24,42.284800,143.333900,71.390000,4.000000
69249,1,31.368800,130.146500,9.950000,2.800000
69250,9,39.126700,141.291700,77.820000,3.500000
69251,22,34.410000,140.069300,63.280000,4.400000
69252,133,30.238600,139.005400,414.470000,5.900000
69253,42,36.522400,140.499100,18.240000,3.700000
69254,113,38.112100,141.474700,64.100000,4.200000
69255,38,38.110500,141.408500,50.740000,3.800000
69256,1,31.395300,131.354600,42.510000,3.100000
69257,29,26.184000,129.343300,0.450000,5.600000
69258,8,35.424500,141.000700,36.210000,3.500000
69259,2,37.191900,142.095900,32.010000,4.300000
69260,23,41.571100,142.203300,70.690000,4.200000
69261,7,40.504100,143.080000,11.790000,4.200000
69262,1,42.464300,146.143500,34.890000,3.900000
69263,34,37.091800,141.122300,34.770000,4.000000
69264,1,33.492000,135.122000,46.290000,3.100000
69265,4,40.341200,141.241500,89.350000,3.300000
69266,6,33.026100,131.063900,11.930000,2.500000
69267,26,34.592300,133.489400,18.980000,3.400000
69268,370,40.217500,143.242900,4.900000,6.200000
69269,1,24.559500,128.093100,0.820000,5.000000
69270,19,37.456100,141.070400,69.080000,3.700000
69271,1,43.508000,143.327300,10.630000,2.800000
69272,1,28.220700,129.176000,13.270000,2.800000
69273,1,28.226800,129.173600,12.700000,2.800000
69274,12,34.577700,135.406600,11.340000,2.900000
69275,1,25.580600,141.245600,5.470000,5.800000
69276,3,38.323000,141.491700,48.950000,3.400000
69277,61,35.568200,137.421300,8.840000,4.100000
69278,22,35.250300,140.178300,26.750000,3.200000
69279,2,39.053700,140.493500,7.000000,3.100000
69280,1,39.516000,142.378900,39.690000,3.500000
69281,2,34.214300,135.468300,58.240000,3.200000
69282,1,34.134800,135.086600,7.820000,2.300000
69283,1,28.128600,129.245200,17.460000,3.100000
69284,11,34.582000,135.433400,6.120000,2.500000
69285,3,35.212900,135.553200,10.350000,2.100000
69286,7,42.392700,142.005100,41.730000,3.100000
69287,92,42.291200,144.490900,43.290000,5.100000
69288,3,38.079600,140.302900,110.300000,3.800000
69289,6,24.116100,124.141700,15.000000,4.200000
69290,2,28.169500,129.546400,46.840000,3.300000
69291,32,36.274600,141.018800,44.130000,3.700000
69292,12,38.194500,141.386100,53.470000,3.800000
69293,9,39.454100,141.510700,57.720000,3.400000
69294,69,34.314800,132.533900,18.710000,3.700000
69295,1,34.565700,137.494500,21.850000,2.800000
69296,2,34.016300,135.046900,8.560000,2.700000
69297,11,32.512300,132.028500,42.190000,3.500000
69298,8,42.459100,146.160100,32.250000,4.400000
69299,4,35.144700,132.595000,14.360000,3.200000
69300,24,36.208900,140.427700,54.510000,3.500000
69301,7,24.006500,121.308700,20.010000,6.500000
69302,2,36.084800,139.494300,50.700000,3.000000
69303,1,38.461500,142.058600,45.440000,3.600000
69304,3,43.152800,146.210600,45.870000,4.200000
69305,5,42.346200,141.320900,122.310000,3.900000
69306,4,42.457900,141.599300,37.390000,3.000000
69307,2,37.338900,141.233100,78.010000,3.700000
69308,4,42.412300,142.412000,18.740000,3.800000
69309,1,26.137500,127.526700,17.180000,2.100000
69310,9,29.592500,130.250500,47.800000,4.200000
69311,1,28.223500,129.177600,11.520000,2.700000
69312,12,34.127600,135.081900,6.920000,3.400000
69313,1,34.129400,135.086400,6.660000,2.700000
69314,1,37.276000,137.152000,10.710000,2.300000
69315,1,36.382700,139.290400,8.410000,2.800000
69316,79,40.329800,143.508100,0.570000,5.600000
69317,8,33.592700,135.177400,6.450000,3.400000
69318,10,31.046600,131.318900,30.210000,4.000000
69319,1,35.519900,137.358300,7.150000,2.100000
69320,1,26.209500,126.271500,88.740000,3.700000
69321,2,40.585900,142.002800,55.510000,3.100000
69322,1,43.360600,144.227300,2.410000,2.300000
69323,4,35.442100,141.002700,13.120000,3.700000
69324,1,37.272500,137.155300,11.250000,2.500000
69325,1,41.002700,141.587100,57.630000,3.100000
69326,166,38.323400,141.342400,63.360000,4.300000
69327,13,42.401900,141.583000,27.880000,3.300000
69328,1,28.224000,129.173200,12.110000,2.600000
69329,1,42.396700,143.071400,69.620000,2.900000
69330,5,42.175500,143.484100,78.770000,3.900000
69331,2,42.464800,144.469300,52.840000,3.700000
69332,42,37.103500,141.197600,47.350000,4.100000
69333,1,42.476800,146.144100,34.880000,4.000000
69334,1,28.223900,129.178600,0.090000,2.300000
69335,7,37.164200,142.083100,34.480000,4.400000
69336,1,32.460800,130.435700,8.140000,1.800000
69337,17,26.377600,127.153400,68.410000,4.100000
69338,359,42.336100,142.527700,101.740000,5.600000
69339,1,37.037500,141.246300,32.740000,3.200000
69340,1,36.300200,137.278700,8.280000,2.700000
69341,2,37.189200,141.356100,30.400000,4.000000
69342,22,34.325500,137.345300,318.580000,4.800000
69343,1,37.032600,139.280600,8.690000,2.400000
69344,1,29.216000,129.079900,13.670000,3.000000
69345,1,32.438200,130.368700,11.970000,2.400000
69346,60,36.160700,141.004200,42.370000,4.500000
69347,4,33.558000,135.293900,52.290000,3.100000
69348,1,32.196500,130.294500,5.690000,2.200000
69349,1,35.039900,135.387800,7.590000,2.500000
69350,44,39.071800,142.229700,35.890000,4.400000
69351,131,38.179600,141.530700,46.490000,4.500000
69352,23,42.437700,141.442500,132.830000,4.200000
69353,9,32.365700,130.389300,10.050000,2.700000
69354,42,43.106400,146.256200,51.870000,5.300000
69355,70,38.443200,142.188900,38.190000,4.700000
69356,8,37.516800,138.094800,13.570000,3.700000
69357,2,36.371500,140.357200,7.920000,2.800000
69358,8,34.598000,135.570100,9.220000,2.800000
69359,2,32.197400,130.295500,5.740000,2.600000
69360,22,38.549600,141.562300,51.160000,3.800000
69361,6,34.055700,135.084400,6.300000,3.100000
69362,14,32.383000,130.416700,13.980000,3.100000
69363,1,39.565500,142.252500,38.360000,3.400000
69364,12,38.469300,142.003100,36.440000,3.800000
69365,1,35.211200,142.400700,0.590000,4.800000
69366,4,44.062500,148.022000,0.000000,4.900000
69367,10,24.494800,125.228000,49.850000,3.900000
69368,82,40.044800,142.069300,47.980000,4.400000
69369,2,40.414800,142.421300,20.610000,4.200000
69370,3,32.397100,130.433800,7.480000,2.000000
69371,1,38.479200,142.017300,45.360000,3.200000
69372,1,32.395800,130.414400,9.230000,2.100000
69373,2,32.500500,130.501300,8.760000,2.500000
69374,1,26.244700,142.392100,0.000000,0.000000
69375,4,35.102200,139.191100,148.080000,3.700000
69376,2,35.482100,140.590900,30.490000,3.000000
69377,255,31.471400,131.595100,25.350000,5.600000
69378,46,31.464300,131.572000,23.290000,4.400000
69379,689,31.480700,131.584700,25.460000,6.300000
69380,1,31.465200,131.564200,24.110000,3.900000
69381,119,31.460000,131.569700,23.680000,4.900000
69382,18,31.461900,131.534700,25.430000,4.300000
69383,13,39.541100,139.578800,15.530000,3.700000
69384,1,36.504700,141.220000,44.300000,3.600000
69385,2,36.428700,139.195200,7.440000,2.500000
69386,267,32.414200,132.176500,36.340000,5.000000
69387,1,36.428800,140.366000,7.080000,2.900000
69388,1,42.244100,144.385700,48.240000,2.600000
69389,1,28.090200,130.215700,24.480000,3.200000
69390,58,32.423200,132.176200,36.660000,4.300000
69391,2,32.417800,132.177200,35.580000,3.200000
69392,1,25.220000,142.290000,0.690000,4.700000
69393,5,32.339300,130.428300,8.920000,3.000000
69394,10,38.238900,141.531900,54.890000,3.700000
69395,88,37.093200,141.148300,20.530000,4.700000
69396,1,32.149300,130.371200,5.330000,2.300000
69397,9,33.065000,131.119200,3.400000,3.200000
69398,1,35.435300,140.597300,35.600000,3.200000
69399,1,27.186200,142.433700,0.410000,4.400000
69400,6,43.362900,147.501700,0.050000,5.000000
69401,41,29.446300,130.411600,35.560000,5.700000
69402,2,36.414400,140.371800,8.600000,2.900000
69403,3,28.063300,130.249200,24.090000,4.000000
69404,1,28.102100,130.254800,24.000000,3.400000
69405,13,39.060500,142.122900,43.340000,3.900000
69406,8,35.111500,132.353400,12.990000,3.300000
69407,1,34.528100,135.406400,11.610000,2.300000
69408,1,28.072600,140.080100,447.730000,4.600000
69409,1,42.483100,142.081100,0.000000,2.000000
69410,7,32.427500,132.175800,36.040000,3.500000
69411,258,38.544100,141.353300,77.680000,4.600000
69412,4,38.519600,142.017800,46.200000,3.300000
69413,1,43.184500,147.054100,29.310000,4.300000
69414,2,35.389900,140.034500,67.760000,3.000000
69415,5,35.130900,138.597200,1.920000,2.600000
69416,11,31.566400,131.532000,28.650000,4.000000
69417,27,32.381800,132.159700,31.340000,4.000000
69418,20,35.000100,140.046100,16.600000,3.900000
69419,1,38.261100,141.495700,55.910000,3.500000
69420,3,34.208300,139.139600,6.240000,2.100000
69421,1,29.173300,129.195300,15.210000,2.600000
69422,5,32.386100,130.425800,13.330000,2.800000
69423,60,34.534400,135.357900,10.900000,3.500000
69424,18,36.285100,140.318400,57.930000,3.400000
69425,1,31.205000,130.338600,7.530000,2.200000
69426,19,33.289600,132.161500,47.090000,3.500000
69427,2,31.561600,131.529300,27.490000,3.800000
69428,12,27.562900,128.544800,45.140000,3.900000
69429,1,36.225400,136.526500,7.500000,2.200000
69430,85,33.043000,130.299800,13.360000,3.700000
69431,1,36.549100,138.343900,4.360000,2.000000
69432,1,37.293700,138.420000,27.750000,2.800000
69433,2,35.456500,136.528200,12.370000,2.800000
69434,1,42.438000,141.596100,35.780000,2.800000
69435,302,35.570700,139.248900,105.730000,4.100000
69436,42,34.055500,135.347800,61.680000,3.800000
69437,1,35.170800,138.282900,18.040000,2.200000
69438,548,35.214100,140.174000,38.070000,5.100000
69439,19,34.259600,132.247300,19.040000,3.200000
69440,2,34.441900,139.243300,0.480000,2.200000
69441,3,35.032000,139.060600,7.190000,2.700000
69442,1,42.337800,141.586300,35.570000,2.900000
69443,1,38.419900,141.477100,52.350000,2.900000
69444,3,36.005300,137.174000,12.580000,2.900000
69445,5,36.006200,137.174400,12.650000,3.100000
69446,3,29.275400,130.415000,53.090000,4.500000
69447,1,41.190300,141.124100,7.170000,1.500000
69448,6,34.508400,137.560200,30.400000,3.200000
69449,223,36.415700,140.391200,11.410000,4.300000
69450,1,34.521500,135.370400,10.400000,2.400000
69451,11,38.321700,141.428500,52.960000,3.700000
69452,1,35.297000,140.228100,28.240000,2.400000
69453,10,35.416100,140.027500,67.630000,3.200000
69454,3,43.252800,146.532200,70.480000,4.400000
69455,1,27.161600,128.362600,16.810000,2.400000
69456,1,36.579800,140.421900,20.330000,3.300000
69457,3,32.075400,131.413100,37.800000,3.100000
69458,2,35.062000,138.136300,29.470000,2.900000
69459,2,43.188100,144.292300,136.350000,3.600000
69460,20,43.315000,143.385000,8.760000,3.900000
69461,1,36.422200,140.379900,5.630000,2.700000
69462,6,34.063400,135.114500,2.660000,2.900000
69463,5,36.559700,141.176800,43.290000,3.800000
69464,2,33.452800,131.298100,12.870000,3.100000
69465,10,36.411400,140.400900,11.200000,3.400000
69466,1,26.354600,127.569900,36.490000,3.200000
69467,3,42.495200,145.311700,46.160000,3.600000
69468,46,42.491000,141.591600,36.260000,4.100000
69469,8,38.512400,142.030500,45.670000,3.600000
69470,311,35.221600,140.176100,35.140000,4.700000
69471,4,36.372600,139.282600,6.350000,3.000000
69472,6,40.211100,142.046700,50.310000,3.700000
69473,2,23.379600,142.225800,132.320000,5.700000
69474,16,42.473000,142.001600,35.730000,3.600000
69475,2,36.594100,141.072500,62.860000,3.500000
69476,5,35.049800,139.488800,69.840000,3.300000
69477,18,42.473400,142.386900,87.400000,3.700000
69478,21,34.097800,132.278700,17.150000,3.200000
69479,4,33.000900,131.132000,12.360000,2.900000
69480,1,38.272500,140.302600,9.810000,2.900000
69481,7,38.382800,141.542500,46.980000,3.600000
69482,8,35.523300,138.080400,10.670000,3.400000
69483,39,29.033700,139.397500,444.980000,6.200000
69484,34,37.090600,141.150600,21.070000,4.500000
69485,1,35.380300,136.595000,8.450000,2.600000
69486,1,29.191000,129.574300,56.100000,3.500000
69487,10,42.195600,143.040800,51.340000,4.000000
69488,1,36.393500,139.279900,4.370000,2.500000
69489,3,35.519000,140.531600,35.060000,3.000000
69490,153,36.027400,139.559300,43.190000,3.800000
69491,2,32.418700,132.176200,33.620000,3.200000
69492,2,32.162200,130.306200,6.220000,2.800000
69493,3,35.258600,133.496700,7.470000,2.400000
69494,25,36.286900,141.017600,44.130000,3.800000
69495,9,37.114900,142.176300,64.340000,4.300000
69496,2,32.214500,130.288300,8.960000,2.600000
69497,71,35.530600,140.439300,21.720000,4.000000
69498,218,36.112500,139.581700,51.780000,4.000000
69499,1,30.357800,131.076700,30.580000,3.300000
69500,2,35.257900,133.495600,7.310000,2.100000
69501,43,39.017300,142.078300,48.520000,3.900000
69502,22,38.442000,141.332900,58.840000,3.500000
69503,1,35.017900,139.595400,45.850000,2.800000
69504,3,36.199800,140.552700,46.230000,3.200000
69505,1,35.035300,134.558000,12.790000,2.500000
69506,2,37.261400,139.409800,3.830000,2.700000
69507,2,24.501900,125.004000,24.390000,3.500000
69508,1,32.369100,130.420300,5.030000,2.200000
69509,4,31.174400,130.282300,152.430000,3.900000
69510,22,38.541300,142.064600,44.810000,4.100000
69511,3,34.327200,132.165400,16.740000,3.000000
69512,110,34.558000,138.138600,28.720000,4.000000
69513,19,43.257300,146.397400,44.890000,4.600000
69514,1,24.151200,123.490000,14.970000,3.200000
69515,7,31.351500,130.197900,6.560000,2.900000
69516,144,38.249000,141.389000,59.160000,4.500000
69517,125,35.483100,140.114100,59.700000,3.700000
69518,2,32.162000,130.306700,7.100000,2.700000
69519,1,38.421200,141.476100,52.570000,2.800000
69520,2,32.269400,130.327000,8.950000,2.700000
69521,82,38.139800,141.418300,50.390000,4.200000
69522,1,41.081800,140.322600,13.390000,2.400000
69523,19,41.025700,144.097100,63.090000,4.700000
69524,1,36.060700,140.595800,36.200000,3.000000
69525,4,34.521700,137.529700,13.890000,3.200000
69526,1,35.462100,137.234300,10.780000,2.500000
69527,1,34.521500,137.528700,13.740000,2.800000
69528,24,38.169700,141.376400,53.750000,3.700000
69529,2,31.519600,130.420700,8.160000,2.400000
69530,6,42.192600,143.038600,51.840000,3.700000
69531,3,36.470100,141.049400,47.400000,3.600000
69532,21,32.144800,132.080300,18.400000,4.100000
69533,1,36.584600,139.222300,4.590000,1.900000
69534,9,34.137700,132.057100,10.520000,3.400000
69535,1,35.254800,140.194300,14.500000,1.800000
69536,6,38.423000,142.166700,37.280000,3.800000
69537,10,32.386400,130.412100,10.530000,3.100000
69538,55,39.021600,142.447800,28.690000,4.700000
69539,1,38.258200,141.509100,57.150000,3.500000
69540,18,42.528100,144.550700,50.400000,4.000000
69541,18,32.480300,130.497400,6.370000,3.100000
69542,14,34.514800,135.381500,12.040000,2.900000
69543,6,36.162700,140.558700,38.310000,3.300000
69544,1,38.176000,141.552200,50.560000,3.600000
69545,2,34.514700,135.380100,12.310000,2.500000
69546,830,36.309200,140.350100,77.410000,5.100000
69547,3,32.382700,132.162400,31.910000,3.600000
69548,2,34.501500,135.376500,9.840000,2.500000
69549,14,35.542100,137.379200,9.070000,3.500000
69550,2,43.078100,146.549700,49.760000,4.400000
69551,2,34.144600,139.092500,8.560000,2.100000
69552,18,40.030900,140.359600,6.070000,3.900000
69553,1,34.177600,137.537800,308.390000,3.700000
69554,4,38.390400,139.301500,13.380000,3.800000
69555,12,38.370800,139.294900,13.240000,4.000000
69556,1,38.408600,139.271100,9.730000,3.200000
69557,1,38.366600,139.273200,8.760000,3.300000
69558,1,38.364000,139.286000,14.340000,3.000000
69559,1,38.354800,139.256100,13.710000,2.600000
69560,7,38.372700,139.268900,11.970000,3.800000
69561,7,38.351700,139.245300,11.980000,4.100000
69562,1,38.361300,139.269600,11.780000,3.000000
69563,1,38.331800,139.248800,9.620000,2.800000
69564,1,43.056600,146.416800,59.590000,3.600000
69565,1,38.351900,139.244600,11.460000,2.600000
69566,1,38.485200,140.420300,3.280000,1.700000
69567,3,38.392100,139.265600,10.390000,3.500000
69568,1,38.384800,139.269800,11.700000,3.200000
69569,1,38.379800,139.259900,11.250000,2.700000
69570,6,38.383900,139.271900,13.030000,3.600000
69571,2,38.358900,139.251100,13.120000,3.100000
69572,1,38.358000,139.243000,13.440000,2.700000
69573,2,38.351800,139.237700,12.270000,3.300000
69574,4,38.381800,139.292600,13.280000,3.300000
69575,5,38.367000,139.252100,12.380000,3.600000
69576,1,38.369700,139.267200,11.990000,3.100000
69577,1,38.372200,139.254200,12.350000,2.900000
69578,32,38.336500,139.237200,11.800000,4.200000
69579,2,38.374800,139.271900,11.820000,3.100000
69580,1,38.374600,139.298100,15.110000,3.000000
69581,1,38.375000,139.267400,12.770000,2.700000
69582,1,38.374100,139.253600,12.340000,2.900000
69583,1,38.347000,139.249800,12.460000,2.800000
69584,1,38.385200,139.291600,14.640000,2.900000
69585,4,38.352200,139.243200,12.310000,3.300000
69586,10,36.256700,140.396000,52.740000,3.300000
69587,7,35.486700,140.531100,16.330000,3.400000
69588,2,34.247900,132.197600,4.730000,2.400000
69589,2,38.378500,139.277200,14.230000,2.900000
69590,1,34.313200,132.103500,8.310000,2.400000
69591,23,31.120100,131.326600,28.000000,4.100000
69592,2,38.365000,139.233100,11.620000,3.400000
69593,167,35.006100,140.117600,76.490000,4.400000
69594,1,34.388700,140.138600,74.050000,3.400000
69595,1,34.056700,135.081500,6.230000,2.500000
69596,25,35.246200,136.443000,11.610000,3.300000
69597,2,38.331200,139.241200,10.390000,3.300000
69598,20,38.364100,139.271700,13.220000,4.000000
69599,1,38.359200,139.222500,10.740000,2.800000
69600,5,42.059800,142.340700,53.130000,3.800000
69601,5,36.273800,140.360400,55.680000,3.100000
69602,2,35.142600,138.259800,16.110000,2.400000
69603,2,40.177300,142.177500,37.630000,3.600000
69604,24,36.259700,140.410800,51.830000,3.700000
69605,1,30.323900,131.189500,35.780000,3.800000
69606,1,23.464300,122.558500,44.950000,4.400000
69607,1,38.366700,139.233400,11.370000,3.000000
69608,2,38.367000,139.232900,11.570000,3.400000
69609,2,32.173500,130.313200,7.950000,2.700000
69610,764,34.557300,139.578100,60.850000,5.200000
69611,3,34.565300,139.583700,60.430000,3.200000
69612,3,35.481900,140.052100,63.190000,3.200000
69613,73,35.040000,139.060400,7.610000,4.100000
69614,7,38.409700,141.316800,67.530000,3.300000
69615,1,35.033700,139.059900,6.930000,2.300000
69616,1,34.033300,134.268300,9.160000,2.500000
69617,8,35.186200,135.590300,16.930000,3.000000
69618,6,31.471800,131.562400,27.270000,4.000000
69619,1,31.521600,130.419100,7.550000,2.000000
69620,20,35.245600,140.241400,57.440000,3.400000
69621,3,37.277700,137.153800,8.580000,2.600000
69622,9,43.499200,147.024000,98.630000,4.500000
69623,2,37.106300,138.368100,10.140000,1.800000
69624,1,40.106500,142.037200,42.770000,3.300000
69625,7,34.445900,135.559000,9.890000,2.700000
69626,13,36.424500,140.366500,9.560000,3.500000
69627,1,36.584900,139.221900,4.530000,1.400000
69628,1,35.544400,137.376900,9.130000,2.400000
69629,13,36.445100,140.319400,73.410000,3.400000
69630,1,26.206200,127.380100,49.560000,3.200000
69631,2,32.161200,130.305700,6.630000,2.500000
69632,22,32.160300,130.306000,6.980000,3.500000
69633,8,32.160900,130.306800,6.900000,3.200000
69634,5,32.161700,130.308300,7.880000,3.000000
69635,6,32.160100,130.306200,6.950000,3.100000
69636,6,32.158500,130.304900,6.230000,3.000000
69637,66,36.050800,139.445900,52.320000,3.400000
69638,4,40.072500,142.268000,33.780000,4.100000
69639,2,42.291100,139.183600,25.910000,3.200000
69640,7,41.353100,141.554200,65.450000,3.900000
69641,5,38.388600,139.269700,13.390000,3.500000
69642,1,34.041100,135.082200,6.060000,2.400000
69643,1,19.368100,144.383700,4.560000,6.700000
69644,2,37.031700,140.264600,7.560000,2.500000
69645,1,33.233200,133.309600,7.610000,3.300000
69646,2,42.480100,146.141700,35.800000,3.900000
69647,1,38.350300,139.238600,11.630000,2.600000
69648,34,36.037000,141.058200,42.090000,4.300000
69649,10,38.524600,141.369500,73.300000,3.500000
69650,16,43.164100,142.242300,165.520000,4.500000
69651,90,41.089100,142.169600,50.780000,5.200000
69652,38,38.176700,141.456200,56.320000,4.100000
69653,11,34.096500,132.221500,12.770000,3.100000
69654,3,35.173800,140.377000,47.160000,3.300000
69655,1,34.127800,135.098500,6.530000,2.600000
69656,1,41.534900,140.588700,9.490000,2.000000
69657,16,37.139800,138.372300,13.500000,3.200000
69658,2,26.385700,127.099600,13.740000,3.400000
69659,38,38.220700,141.400700,52.310000,4.000000
69660,3,36.589300,141.192200,29.820000,4.100000
69661,2,38.372900,139.249200,11.870000,3.400000
69662,2,39.319500,142.126500,51.440000,3.500000
69663,2,32.152100,130.304300,6.280000,2.200000
69664,1,37.002900,138.230600,12.670000,2.100000
69665,1,31.594800,129.558000,12.120000,2.800000
69666,13,43.209600,146.093000,49.290000,4.300000
69667,12,35.375100,140.022400,67.280000,3.800000
69668,1,32.163000,130.306600,6.660000,2.300000
69669,1,35.331100,137.028200,5.310000,2.200000
69670,14,35.028700,139.061300,5.160000,3.300000
69671,45,37.117600,142.157900,22.360000,4.700000
69672,4,36.364400,138.177000,1.390000,2.700000
69673,1,40.447100,142.123500,47.020000,3.100000
69674,1,30.247000,131.156600,28.310000,3.300000
69675,3,35.259900,133.495800,7.380000,2.300000
69676,1,35.550200,137.354700,8.080000,2.500000
69677,94,35.392800,140.440600,47.620000,4.300000
69678,1,33.470400,130.056900,11.580000,3.200000
69679,22,32.465600,130.389200,12.780000,3.100000
69680,1,36.254100,139.471700,88.150000,3.300000
69681,5,32.152500,130.307700,5.350000,2.700000
69682,1,36.386000,140.559500,48.960000,3.500000
69683,4,35.181000,133.170000,6.890000,2.800000
69684,10,34.506800,139.587400,53.760000,3.800000
69685,238,35.303100,139.051300,22.560000,4.300000
69686,2,33.469500,130.055200,11.570000,3.400000
69687,2,33.093500,132.219900,37.070000,3.000000
69688,12,36.278900,141.027800,44.000000,3.600000
69689,1,23.476000,122.291800,24.220000,4.800000
69690,28,35.350500,139.568900,20.660000,3.300000
69691,3,38.398800,139.266400,14.850000,3.500000
69692,2,37.250400,141.467300,47.480000,3.600000
69693,20,47.044900,145.168200,489.060000,5.600000
69694,1,35.368900,141.004300,14.040000,3.300000
69695,17,34.036900,135.041700,12.110000,3.700000
69696,3,38.377700,139.255900,10.580000,3.500000
69697,75,35.281000,136.440900,8.990000,3.600000
69698,20,38.532100,142.050100,45.370000,4.100000
69699,1,35.438500,141.000500,12.870000,3.100000
69700,5,39.388100,142.048600,85.780000,3.600000
69701,53,38.331700,139.240800,10.580000,4.300000
69702,1,32.123500,130.252900,5.160000,1.900000
69703,10,23.542000,122.538700,0.290000,5.500000
69704,2,32.418000,130.403000,12.400000,2.400000
69705,163,29.141400,128.107200,256.300000,6.000000
69706,19,36.047700,140.001700,65.990000,3.300000
69707,1,32.159200,130.303200,5.360000,2.200000
69708,1,27.233000,142.223300,0.520000,3.800000
69709,3,40.548700,141.495300,69.160000,3.100000
69710,3,32.147700,130.178700,10.140000,2.700000
69711,1,40.226200,142.157900,41.350000,3.300000
69712,1,27.508700,129.490600,42.570000,3.800000
69713,2,35.524800,137.423300,9.600000,2.100000
69714,41,42.455200,143.253900,106.740000,4.000000
69715,44,35.381800,140.400100,50.430000,3.600000
69716,1,36.033200,137.344000,7.730000,2.400000
69717,2,34.085900,135.089900,4.930000,2.200000
69718,13,36.064900,139.412900,84.680000,3.200000
69719,2,40.419800,142.393900,25.610000,4.000000
69720,1,39.018600,140.528800,7.730000,3.100000
69721,158,37.104300,141.233600,46.610000,4.300000
69722,1,36.268000,140.597900,45.130000,3.300000
69723,1,32.008300,129.423500,11.100000,3.300000
69724,256,38.579700,141.368600,77.770000,4.700000
69725,2,36.127700,141.001400,44.500000,3.200000
69726,47,35.372600,140.070600,67.910000,3.600000
69727,5,43.241900,145.439000,72.060000,3.800000
69728,13,38.561800,141.590500,53.830000,3.700000
69729,33,36.229200,140.468700,56.390000,3.700000
69730,27,37.580000,140.413100,103.530000,3.800000
69731,2,28.233500,129.259800,20.180000,2.900000
69732,5,38.209400,142.150200,30.950000,4.200000
69733,38,42.175300,144.107100,70.140000,4.400000
69734,3,34.087900,135.058800,8.490000,2.600000
69735,5,26.481400,127.440200,15.980000,4.000000
69736,7,26.483700,127.443500,17.060000,4.200000
69737,3,26.481700,127.445200,16.090000,4.000000
69738,1,26.483000,127.443300,15.230000,3.400000
69739,114,32.258300,130.297000,10.740000,4.000000
69740,5,35.460700,141.033500,27.130000,3.500000
69741,2,41.288800,142.001000,62.400000,3.500000
69742,2,45.294400,140.583200,4.070000,2.000000
69743,21,25.096000,124.189700,111.290000,5.000000
69744,53,35.396800,140.450000,48.670000,4.200000
69745,1,44.544800,145.275300,29.970000,3.600000
69746,72,35.384000,140.098600,67.410000,3.900000
69747,1,37.049300,139.207900,8.340000,2.800000
69748,2,32.459800,130.374300,9.460000,2.800000
69749,43,36.049300,139.527500,45.300000,3.400000
69750,4,35.487400,140.566900,25.050000,3.200000
69751,1,38.346300,139.249000,11.270000,2.400000
69752,1,32.415000,130.427100,17.170000,2.600000
69753,10,38.474400,142.022900,54.210000,3.700000
69754,454,35.088700,140.341400,58.480000,5.100000
69755,14,38.489300,141.486600,64.530000,3.700000
69756,3,43.026100,141.135100,7.410000,2.600000
69757,1,35.483000,136.574000,8.990000,2.300000
69758,1,35.560400,136.199300,5.810000,2.200000
69759,4,43.006200,145.172500,88.180000,3.600000
69760,29,31.454600,131.549100,26.430000,4.300000
69761,1076,33.096600,137.238700,392.890000,6.600000
69762,1,36.114800,139.479400,55.030000,3.000000
69763,3,26.482100,127.447700,14.850000,4.000000
69764,1,32.379500,132.158800,31.960000,3.100000
69765,1,28.051700,128.112800,12.140000,4.000000
69766,124,35.487000,140.564400,24.300000,4.300000
69767,2,26.292800,128.558200,44.900000,4.300000
69768,2,35.217900,139.069700,20.100000,2.900000
69769,345,32.547600,140.466100,58.570000,5.900000
69770,5,37.421300,141.429500,25.310000,4.000000
69771,2,25.599800,128.243200,43.670000,4.600000
69772,24,42.222400,143.063000,49.330000,4.200000
69773,24,42.372200,141.596200,27.740000,4.200000
69774,5,36.114200,137.592500,6.580000,3.000000
69775,4,35.497100,137.596900,9.090000,3.100000
69776,3,28.289500,129.026500,10.160000,3.600000
69777,1,32.460200,130.375700,9.400000,2.400000
69778,3,38.519800,141.381600,61.160000,3.000000
69779,16,43.026200,141.135700,7.540000,3.100000
69780,2,44.453400,147.509700,1.790000,4.600000
69781,2,36.591000,138.374400,7.460000,2.400000
69782,1,24.463600,125.142800,44.210000,3.100000
69783,142,39.398300,141.307300,72.940000,4.400000
69784,1,38.311800,139.275800,8.270000,2.400000
69785,1,34.500700,135.373800,9.650000,2.600000
69786,1559,37.424300,141.379700,45.210000,6.400000
69787,2,38.557700,141.383900,71.390000,3.000000
69788,9,39.383800,142.065900,48.890000,3.800000
69789,3,38.109300,141.411100,50.390000,3.600000
69790,1,33.474900,135.210500,10.210000,2.900000
69791,13,36.527500,141.082000,49.420000,3.600000
69792,1,38.482100,140.440200,2.980000,2.200000
69793,1,38.376500,139.273500,13.080000,2.800000
69794,24,33.528000,132.458800,42.020000,3.600000
69795,5,37.115600,141.197200,20.060000,4.200000
69796,1,28.057400,128.095000,8.810000,3.500000
69797,2,35.258400,133.495400,10.680000,2.600000
69798,10,24.224500,121.521900,38.400000,6.400000
69799,1,42.374700,144.562200,50.980000,3.900000
69800,12,36.013400,140.047800,60.530000,3.300000
69801,1,44.435100,141.468900,12.700000,3.000000
69802,40,33.528200,132.457300,41.770000,3.700000
69803,3,25.376500,124.444900,1.080000,4.700000
69804,5,36.292700,137.146800,6.930000,2.900000
69805,8,32.418800,130.429100,17.340000,3.100000
69806,6,36.382400,140.461000,26.410000,3.200000
69807,4,35.286400,138.593200,22.870000,3.000000
69808,9,32.352100,132.153300,32.000000,3.700000
69809,4,26.182000,126.388800,77.410000,3.900000
69810,11,32.460700,130.434700,9.730000,3.100000
69811,4,42.321100,141.089000,2.210000,3.200000
69812,2,32.566300,131.017100,10.680000,2.600000
69813,8,42.384100,144.069600,61.710000,3.800000
69814,1,38.366000,139.245600,9.790000,3.000000
69815,11,31.138600,131.231200,38.790000,3.500000
69816,2,34.509000,139.514500,50.580000,3.600000
69817,2,34.132200,135.099900,6.330000,2.600000
69818,1,32.029600,131.576300,20.430000,3.300000
69819,3,37.029000,140.371000,8.770000,3.200000
69820,3,42.392900,142.313600,87.440000,3.300000
69821,2,32.024200,131.578800,16.230000,3.500000
69822,1,32.013800,129.505700,12.680000,2.800000
69823,2,35.329900,139.003700,20.030000,2.700000
69824,1,36.032100,137.345500,7.130000,2.200000
69825,2,35.448800,138.575500,22.780000,2.800000
69826,38,38.502400,142.244100,49.300000,4.300000
69827,2,34.088600,135.095100,3.570000,2.200000
69828,2,38.364900,139.251300,12.500000,3.200000
69829,332,40.475200,141.203600,92.600000,5.500000
69830,94,40.475000,141.194900,91.230000,4.500000
69831,23,38.140700,141.498000,62.410000,4.000000
69832,32,37.067300,141.136500,61.680000,3.800000
69833,31,38.354700,142.167300,38.570000,4.600000
69834,33,42.089500,143.487400,67.580000,4.400000
69835,8,27.122700,128.193900,52.480000,3.900000
69836,1,32.435100,130.363300,13.480000,2.600000
69837,1,36.426400,140.364600,9.200000,2.600000
69838,7,42.455200,144.503400,81.610000,3.800000
69839,1,35.037900,132.590000,6.680000,2.000000
69840,71,38.328700,139.238400,10.650000,4.400000
69841,2,38.271300,142.006300,42.490000,3.800000
69842,4,37.233700,138.472800,9.380000,2.600000
69843,2,38.329100,139.239300,11.200000,3.200000
69844,15,33.244500,130.116800,15.760000,3.100000
69845,2,36.419200,140.384600,4.840000,2.900000
69846,23,34.554500,135.385100,10.270000,2.900000
69847,15,28.017900,130.122300,46.000000,4.900000
69848,1,28.026300,130.127800,45.180000,3.400000
69849,11,28.024000,130.551100,74.980000,5.000000
69850,14,38.327700,139.239100,10.810000,3.900000
69851,23,42.235400,143.037800,25.920000,4.300000
69852,2,41.357700,141.556800,65.080000,3.400000
69853,1,35.250700,136.023400,9.080000,2.200000
69854,80,35.210900,140.010400,40.160000,4.000000
69855,6,32.217200,130.289500,9.170000,3.000000
69856,19,38.533500,141.581700,49.180000,3.900000
69857,129,38.242800,141.534200,53.830000,4.200000
69858,22,24.219500,124.424000,54.000000,5.200000
69859,1,32.433500,130.384100,10.790000,2.300000
69860,260,37.232800,142.251400,24.550000,5.600000
69861,24,41.290600,142.017500,62.990000,4.100000
69862,1,33.432300,132.468700,39.590000,3.200000
69863,2,24.244100,125.100100,53.390000,3.600000
69864,159,35.299000,139.041300,14.190000,4.200000
69865,9,35.300300,139.039100,13.720000,3.000000
69866,9,27.029000,126.466800,120.170000,4.600000
69867,9,38.298500,142.088000,38.690000,4.000000
69868,1,37.274900,137.150400,10.610000,2.600000
69869,2,37.275800,137.150000,10.760000,2.800000
69870,6,37.275100,137.148900,10.400000,3.800000
69871,9,36.506300,140.376000,8.470000,3.400000
69872,417,40.588400,143.016800,0.210000,6.100000
69873,1,32.149400,130.309900,8.110000,2.700000
69874,2,38.484400,142.005800,46.570000,3.400000
69875,6,43.083400,145.483300,44.560000,3.900000
69876,2,26.083700,127.154000,37.240000,3.100000
69877,4,32.143500,130.193400,10.640000,2.700000
69878,30,35.301100,136.270500,10.740000,3.700000
69879,5,28.333200,129.380500,18.770000,3.600000
69880,110,35.527900,138.077200,11.120000,4.100000
69881,2,37.232100,141.250300,31.750000,3.600000
69882,2,34.445100,133.258500,13.300000,2.700000
69883,4,35.498200,140.547900,34.020000,3.300000
69884,1,43.363000,144.243600,3.290000,1.400000
69885,1,36.495100,138.447900,4.510000,2.600000
69886,3,40.593000,142.011900,56.630000,3.400000
69887,1,32.465800,130.392700,12.730000,2.200000
69888,1,27.312100,142.244100,0.410000,4.100000
69889,1,39.262600,143.236100,35.240000,4.600000
69890,4,32.427300,130.447000,12.210000,2.600000
69891,16,39.379200,142.060500,48.830000,4.000000
69892,2,31.577300,131.128900,61.010000,3.200000
69893,31,33.178000,135.244200,28.900000,4.100000
69894,1,36.030900,137.314800,6.990000,2.200000
69895,1,28.202100,129.224100,39.270000,2.600000
69896,24,37.256900,140.449900,84.010000,3.700000
69897,4,37.446000,141.437400,51.740000,3.900000
69898,3,32.411900,132.182900,36.780000,3.300000
69899,1,37.112100,141.246800,79.360000,3.600000
69900,30,32.412000,130.422900,11.720000,3.500000
69901,8,43.291200,146.025000,72.660000,3.800000
69902,9,37.072200,138.367400,11.870000,2.800000
69903,4,41.547200,142.280200,63.780000,3.700000
69904,26,36.440900,141.098500,30.440000,4.100000
69905,9,32.386200,130.397700,11.750000,2.900000
69906,45,39.381900,142.065100,47.980000,4.000000
69907,116,41.343300,142.042000,63.940000,5.000000
69908,2,34.420700,137.136200,30.400000,3.200000
69909,8,32.378000,132.161600,33.640000,3.800000
69910,3,32.473800,131.560100,54.440000,3.100000
69911,1,38.169000,141.549500,44.950000,3.300000
69912,3,34.539600,134.091200,18.160000,3.000000
69913,3,39.204800,142.044500,47.710000,3.300000
69914,1,36.455900,140.349500,9.190000,2.900000
69915,13,35.032500,137.378200,15.180000,3.300000
69916,1,34.126700,135.093100,5.030000,2.000000
69917,100,37.477200,141.399300,52.050000,4.500000
69918,1,32.276800,130.397900,9.720000,2.600000
69919,26,35.333100,140.116100,56.110000,3.300000
69920,8,39.204300,142.045600,47.780000,3.600000
69921,1,37.576700,141.158000,76.700000,3.400000
69922,1,36.405400,141.230000,48.910000,3.600000
69923,15,37.219300,141.062200,27.580000,3.700000
69924,6,35.039700,140.313900,97.240000,4.000000
69925,124,35.388000,140.099000,61.950000,4.100000
69926,5,40.586300,142.007600,57.680000,3.700000
69927,54,39.203600,142.042500,48.320000,4.300000
69928,4,34.250000,134.512700,13.760000,2.900000
69929,14,35.416500,138.431900,11.580000,3.000000
69930,6,32.158200,131.546600,29.610000,3.600000
69931,39,41.120200,142.028400,57.520000,4.500000
69932,3,33.556400,135.105400,8.240000,2.900000
69933,1,25.479800,143.180500,0.110000,5.400000
69934,4,35.362300,135.044600,11.690000,2.900000
69935,6,35.168900,140.186600,21.650000,2.700000
69936,3,32.079400,131.447600,34.540000,3.400000
69937,27,39.257700,142.402900,32.460000,4.500000
69938,1,32.473000,130.375400,11.230000,2.500000
69939,2,32.213400,131.435800,40.980000,3.000000
69940,1,36.005600,137.322500,6.090000,2.200000
69941,13,35.298300,139.042900,14.240000,3.000000
69942,4,38.433600,142.104400,40.770000,3.600000
69943,11,44.092800,148.011700,0.000000,5.300000
69944,12,35.022000,137.014700,40.830000,3.200000
69945,5,44.180700,147.037700,129.520000,4.400000
69946,92,36.250600,140.412300,52.010000,4.100000
69947,3,42.397600,144.090300,53.310000,3.600000
69948,1,36.006800,137.322000,5.570000,2.400000
69949,9,38.321800,141.432500,52.680000,3.700000
69950,3,34.465400,131.378200,17.390000,3.200000
69951,1,42.407600,141.545800,13.830000,2.100000
69952,4,36.213100,137.126400,10.000000,2.800000
69953,7,37.293600,141.229800,36.740000,3.800000
69954,8,33.071000,129.364100,12.090000,3.100000
69955,1,37.198000,138.220800,15.480000,2.500000
69956,2,36.459500,137.527800,5.580000,2.500000
69957,5,34.580500,135.291000,10.280000,2.900000
69958,1,35.012600,132.558300,12.160000,2.500000
69959,1,36.383800,137.540000,9.030000,2.200000
69960,1,32.447700,130.450600,7.700000,1.800000
69961,1,28.213400,128.386100,74.850000,3.900000
69962,1,28.010500,128.509700,56.910000,3.600000
69963,1,26.258300,142.263200,0.410000,3.800000
69964,2,34.435800,139.182700,5.530000,2.400000
69965,97,39.204500,142.037100,48.260000,4.400000
69966,1,34.427200,138.444500,9.220000,2.300000
69967,3,42.517600,146.382400,48.010000,4.500000
69968,1,31.146800,130.386100,9.300000,2.100000
69969,1,40.397300,141.468400,68.670000,2.900000
69970,28,38.550600,141.559600,51.000000,3.800000
69971,27,35.287800,140.258900,30.990000,3.300000
69972,3,32.311300,132.069800,30.820000,3.600000
69973,2,43.146800,146.336000,48.300000,4.300000
69974,47,32.218000,129.494200,13.800000,4.000000
69975,3,38.472300,141.367600,69.830000,3.200000
69976,20,32.265200,130.281800,13.240000,3.500000
69977,1,37.111000,138.554500,13.360000,2.700000
69978,1,35.232700,140.268000,28.070000,2.400000
69979,4,36.057400,139.499000,52.690000,3.200000
69980,1,32.364900,130.400500,9.260000,2.300000
69981,76,32.337700,130.389800,10.570000,3.800000
69982,51,36.318800,140.326900,52.590000,3.600000
69983,328,36.274500,140.365700,55.800000,4.300000
69984,1,34.013800,135.088300,6.210000,1.900000
69985,3,37.075100,141.018200,61.700000,3.400000
69986,1,37.025500,139.278000,8.460000,2.000000
69987,2,36.109500,140.558200,43.900000,3.100000
69988,7,42.196300,143.040600,50.540000,3.900000
69989,52,36.108800,140.003000,51.080000,3.300000
69990,79,34.585500,138.107800,26.960000,4.000000
69991,1,37.438800,141.478000,25.520000,4.100000
69992,1,32.320400,130.361500,10.080000,2.600000
69993,1,34.082200,135.095700,4.640000,1.900000
69994,4,36.504000,138.158800,11.900000,2.700000
69995,47,38.327700,142.067400,48.990000,3.900000
69996,1,34.337800,134.187000,13.600000,2.400000
69997,1,37.020500,139.183900,6.860000,1.800000
69998,1,35.509200,137.339800,5.390000,2.400000
69999,3,36.504400,138.161300,12.940000,2.300000
70000,2,36.504600,138.160000,12.390000,2.200000
70001,2,38.382500,141.539800,47.800000,3.400000
70002,1,37.278800,137.152200,9.430000,2.400000
70003,2,27.175300,128.259000,48.350000,3.500000
70004,11,38.417000,142.162600,38.130000,4.100000
70005,12,36.579100,141.069800,60.430000,3.400000
70006,1,36.252300,138.021200,5.480000,2.000000
70007,1,35.514800,137.333900,6.040000,2.000000
70008,10,28.075600,128.049200,12.110000,5.100000
70009,16,37.135700,142.111500,0.300000,4.400000
70010,32,35.118300,140.329400,58.940000,3.900000
70011,22,38.191900,141.451300,49.460000,3.700000
70012,1,37.038500,139.207400,7.740000,2.500000
70013,227,33.501900,132.214600,49.850000,4.300000
70014,4,41.444500,142.171500,65.500000,4.000000
70015,1,30.224100,131.249100,41.710000,3.200000
70016,1,43.258700,146.035500,97.350000,3.700000
70017,1,34.469700,132.078000,9.740000,2.500000
70018,1,26.555800,142.417000,1.010000,3.900000
70019,1,36.047700,137.274100,8.300000,2.300000
70020,320,35.479900,140.068000,62.290000,4.200000
70021,25,42.228100,143.380600,54.300000,4.100000
70022,120,35.429400,139.366900,27.230000,3.500000
70023,1,29.586700,139.211700,437.190000,4.800000
70024,11,41.333800,142.033600,65.830000,3.800000
70025,4,42.202600,143.000400,51.240000,3.600000
70026,2,42.030200,143.036700,26.370000,3.700000
70027,1,40.284500,141.230000,90.290000,3.000000
70028,1,36.187400,140.553600,35.010000,3.000000
70029,593,34.404600,140.389200,75.310000,5.400000
70030,61,33.491500,131.412500,15.860000,3.900000
70031,1,32.316200,130.363000,2.390000,1.800000
70032,14,36.577600,138.366200,7.840000,3.300000
70033,1,35.389300,137.522700,9.160000,2.700000
70034,4,35.048900,132.306800,11.270000,3.100000
70035,1,35.021100,132.427900,7.200000,2.600000
70036,12,44.233100,146.559400,115.890000,5.400000
70037,1,33.567400,135.289600,53.440000,2.800000
70038,2,44.412900,142.177000,0.430000,3.300000
70039,5,24.585000,125.383800,52.310000,4.500000
70040,8,34.372900,136.229200,10.820000,3.300000
70041,3,36.038200,139.513300,44.420000,3.000000
70042,88,36.281400,140.348900,63.780000,3.800000
70043,3,24.418200,124.500000,18.860000,4.400000
70044,8,35.030100,138.340100,22.650000,3.200000
70045,1,24.422600,124.500600,19.270000,3.600000
70046,3,23.584700,122.291700,19.500000,5.400000
70047,4,32.376100,130.453900,3.430000,2.400000
70048,2,42.416600,141.474700,125.870000,3.900000
70049,1,43.366100,144.246000,2.420000,2.600000
70050,2,41.482200,141.098400,4.900000,2.600000
70051,1,24.403700,124.504000,18.210000,3.200000
70052,1,34.018600,135.144300,4.020000,1.800000
70053,1,28.178400,140.084600,421.530000,4.500000
70054,1,36.013600,137.310700,6.860000,1.900000
70055,84,36.118200,139.573200,52.060000,3.700000
70056,13,32.390600,130.437100,12.530000,3.000000
70057,8,35.154700,137.090000,14.000000,3.000000
70058,44,35.393100,139.263300,27.050000,3.200000
70059,22,41.548700,142.195100,69.530000,4.100000
70060,40,38.198000,141.381400,53.270000,3.800000
70061,7,40.019900,140.291300,4.830000,3.500000
70062,15,38.370200,141.535400,47.490000,3.900000
70063,1,35.302700,140.225600,31.850000,2.400000
70064,2,35.111600,137.294500,44.090000,2.700000
70065,1,32.579500,131.066700,10.100000,2.000000
70066,7,42.522200,145.306700,44.700000,4.300000
70067,16,42.219300,144.269900,31.160000,4.400000
70068,3,26.384300,141.327100,1.160000,4.700000
70069,69,39.454200,141.496700,58.380000,4.200000
70070,43,38.279300,142.084200,44.880000,4.200000
70071,5,41.531600,142.316000,62.060000,3.900000
70072,14,33.338500,135.198500,31.370000,3.800000
70073,5,24.475000,123.261600,86.640000,4.400000
70074,1,35.212100,133.163000,7.230000,1.400000
70075,2,31.362300,129.374800,7.730000,3.500000
70076,45,35.043500,135.389500,7.320000,3.500000
70077,9,35.042800,135.388600,7.290000,2.700000
70078,1,43.148700,146.515400,43.070000,4.000000
70079,1,34.017900,135.132200,4.440000,1.600000
70080,44,34.500300,135.361400,9.650000,3.200000
70081,24,38.453900,141.598800,55.360000,4.000000
70082,21,38.127300,141.474900,57.490000,3.900000
70083,11,42.217500,142.591700,50.930000,3.800000
70084,27,36.257300,140.393500,53.070000,3.500000
70085,44,34.586600,135.328200,12.840000,3.400000
70086,9,40.569400,142.257400,0.360000,3.900000
70087,2,34.489300,137.009400,37.270000,3.200000
70088,2,35.039900,139.588100,0.000000,2.000000
70089,60,33.312000,132.247700,44.690000,3.700000
70090,127,35.480900,140.067600,61.880000,3.800000
70091,3,43.396000,147.172900,0.260000,4.700000
70092,13,33.406700,135.091200,37.000000,3.600000
70093,10,28.166300,129.271400,31.400000,3.800000
70094,1,32.380900,130.405100,6.930000,1.900000
70095,14,28.217200,129.301000,35.130000,4.200000
70096,2,35.426900,140.414900,49.700000,3.200000
70097,2,35.238000,140.211200,26.310000,2.100000
70098,12,35.426000,140.415300,50.410000,3.400000
70099,6,38.511500,142.025800,45.210000,3.600000
70100,4,36.011100,140.224600,54.790000,3.200000
70101,63,38.276600,142.142400,28.170000,4.300000
70102,50,35.519300,140.010800,104.180000,3.900000
70103,5,38.531500,141.395100,66.490000,3.300000
70104,1,29.358600,129.450400,4.810000,2.700000
70105,1,36.240000,138.046800,13.690000,2.300000
70106,297,37.179900,141.466200,41.730000,5.000000
70107,5,33.465400,131.041200,11.830000,2.600000
70108,177,36.021800,139.547900,41.690000,3.800000
70109,1,32.381200,130.404600,7.050000,1.900000
70110,1,28.346600,128.554300,80.030000,3.200000
70111,2,36.414100,139.248300,6.910000,2.800000
70112,1,35.100600,137.011500,13.040000,2.600000
70113,14,36.414600,139.249600,6.370000,3.400000
70114,1,35.104700,135.509700,11.950000,2.500000
70115,1,34.503100,139.168600,11.000000,2.000000
70116,1,34.503100,139.168000,10.340000,2.000000
70117,1,34.504100,139.168600,10.180000,2.600000
70118,1,34.503600,139.168100,10.430000,2.400000
70119,20,36.181800,140.010400,72.580000,3.400000
70120,3,36.267900,140.334900,56.080000,3.000000
70121,47,42.208200,143.042700,52.260000,4.200000
70122,11,36.045700,137.271800,8.600000,3.100000
70123,2,35.246200,133.185200,12.230000,2.600000
70124,1,29.361800,129.433200,0.000000,2.200000
70125,1,29.368400,129.433300,0.000000,2.600000
70126,3,35.116100,132.340900,11.400000,2.900000
70127,71,38.189700,141.513600,46.280000,4.200000
70128,20,40.554200,142.418200,21.040000,4.500000
70129,15,41.389300,141.561300,110.340000,4.100000
70130,2,34.130700,135.090000,4.720000,2.600000
70131,266,36.324900,140.502500,51.790000,4.400000
70132,5,34.026600,133.036200,15.280000,3.100000
70133,9,34.026700,133.035400,14.930000,3.200000
70134,1,32.453400,130.383100,10.460000,2.600000
70135,2,43.327500,147.025700,43.330000,4.500000
70136,1,41.275700,142.081800,57.530000,3.500000
70137,30,38.104300,141.405500,50.590000,3.800000
70138,3,34.389500,134.280000,4.600000,3.100000
70139,2,34.389600,134.280700,4.550000,3.200000
70140,8,38.397800,139.280000,14.030000,3.800000
70141,1,37.180200,139.368700,6.210000,2.200000
70142,1,28.300800,129.007200,67.830000,3.600000
70143,86,37.083100,140.199500,113.750000,3.800000
70144,1,43.086500,145.452000,50.700000,3.100000
70145,13,36.032000,137.342900,7.280000,3.500000
70146,6,34.162800,135.156200,6.940000,3.000000
70147,1,39.168400,139.339100,17.440000,3.700000
70148,178,36.256400,141.010300,45.600000,4.400000
70149,30,34.513400,135.372700,7.590000,3.200000
70150,1,29.373200,129.443800,0.000000,2.700000
70151,3,40.550400,142.093500,48.620000,3.700000
70152,17,39.453400,141.505500,58.040000,3.500000
70153,7,32.489900,131.309400,71.390000,3.300000
70154,1,26.568000,141.076700,429.990000,4.700000
70155,2,32.516100,130.532200,12.170000,2.100000
70156,83,36.012400,140.046000,61.680000,3.700000
70157,3,37.215900,138.481300,10.130000,2.500000
70158,1,23.572600,123.350200,31.100000,3.600000
70159,1,34.038800,141.394300,50.110000,4.900000
70160,115,38.185800,141.544800,63.810000,4.000000
70161,3,36.408800,141.235000,50.200000,3.800000
70162,6,28.480400,129.543400,0.280000,4.600000
70163,2,36.378700,140.384800,8.540000,2.800000
70164,1,30.344400,131.092400,30.000000,3.300000
70165,30,36.282700,140.369300,58.920000,3.500000
70166,134,34.383500,139.031300,12.650000,4.700000
70167,1,34.384000,139.030200,11.700000,2.500000
70168,1,34.383000,139.030000,12.220000,2.400000
70169,2,34.386800,139.032500,11.420000,2.600000
70170,137,36.273000,140.360400,55.620000,3.700000
70171,44,36.072500,139.510900,48.410000,3.500000
70172,2,37.312600,141.229900,50.380000,3.300000
70173,7,26.369600,128.204900,39.560000,3.900000
70174,1,24.027900,123.409200,14.550000,3.700000
70175,4,40.412300,142.149000,45.290000,3.600000
70176,2,34.139900,135.165000,6.890000,2.400000
70177,14,37.035200,138.028200,10.220000,3.300000
70178,4,37.033900,138.028800,10.080000,2.900000
70179,8,33.258600,130.074900,15.000000,3.000000
70180,3,53.076800,153.407900,4.960000,5.600000
70181,1,32.182200,129.464300,12.800000,2.700000
70182,5,44.387400,147.136100,144.040000,4.600000
70183,2,32.444400,130.359400,11.420000,2.900000
70184,1,36.449600,141.155200,32.010000,3.300000
70185,8,38.234700,142.055800,33.120000,3.800000
70186,4,35.377700,140.017100,70.290000,3.100000
70187,557,36.042400,139.534500,44.580000,4.500000
70188,1,32.338600,137.262900,419.890000,4.900000
70189,267,31.562200,131.547000,23.920000,5.200000
70190,52,31.562100,131.522700,26.510000,4.400000
70191,1,32.196700,130.310300,8.660000,2.500000
70192,26,36.164100,140.542100,37.510000,3.700000
70193,1,34.391200,137.040100,11.600000,2.400000
70194,42,43.370600,147.107300,0.340000,5.400000
70195,1,29.351700,129.433800,0.560000,1.900000
70196,1,28.151000,129.575200,20.860000,2.700000
70197,1,39.329800,141.423400,66.100000,3.300000
70198,33,36.120600,140.574000,44.750000,3.900000
70199,1,44.440000,142.087300,0.000000,2.400000
70200,1,36.071300,139.234600,66.120000,2.900000
70201,65,34.027000,133.036800,15.330000,3.800000
70202,1,38.537300,142.067800,43.450000,3.300000
70203,1,29.166600,129.153900,0.100000,1.600000
70204,1,34.577700,135.369000,12.720000,2.500000
70205,451,34.027600,133.038900,15.820000,4.600000
70206,8,34.027800,133.038400,14.940000,3.200000
70207,1,34.120300,135.176100,5.020000,2.100000
70208,9,35.481800,137.298700,7.870000,3.200000
70209,1,35.481700,137.299300,7.640000,2.100000
70210,1,42.573400,145.253200,46.050000,3.300000
70211,1,38.209500,141.397600,51.930000,3.300000
70212,40,42.495400,145.149400,49.040000,4.700000
70213,1,38.420300,141.477400,52.310000,2.800000
70214,4,35.378100,139.266600,125.590000,3.700000
70215,3,32.158300,130.286700,8.110000,2.400000
70216,35,36.103400,139.570000,55.740000,3.400000
70217,196,39.075900,143.020200,25.640000,5.600000
70218,7,24.531700,124.459200,10.850000,4.400000
70219,1,24.530900,124.456500,11.960000,3.800000
70220,13,35.359100,140.160900,43.920000,3.200000
70221,2,24.102900,123.400100,18.290000,3.400000
70222,3,33.284000,131.580100,63.780000,3.500000
70223,2,24.108900,123.345900,45.540000,3.500000
70224,1,35.269400,137.010000,13.010000,2.200000
70225,2,36.011300,137.222100,11.380000,2.700000
70226,1,39.229400,139.387400,23.210000,3.600000
70227,3,36.105000,140.063400,51.380000,3.100000
70228,4,35.479000,137.297800,7.870000,2.900000
70229,6,24.150700,123.480100,16.860000,4.200000
70230,122,40.119400,142.018100,41.920000,4.500000
70231,726,36.085600,139.490500,51.670000,4.700000
70232,51,35.440000,139.580500,78.280000,3.800000
70233,6,28.136300,128.504600,66.790000,3.800000
70234,2,43.067800,146.216400,48.490000,3.900000
70235,1,26.214200,127.449800,15.600000,2.600000
70236,701,36.485600,140.323800,8.650000,4.900000
70237,11,36.483500,140.324200,8.910000,3.500000
70238,1,36.487700,140.319900,8.290000,2.600000
70239,28,36.572500,139.409300,7.070000,3.900000
70240,1,34.159700,133.075000,23.240000,2.700000
70241,2,34.028100,133.037400,14.920000,2.800000
70242,3,36.479500,140.327600,8.960000,3.300000
70243,173,36.082800,139.481600,51.450000,4.000000
70244,542,36.572100,139.408400,7.490000,4.800000
70245,9,25.009700,125.364600,53.120000,4.200000
70246,1,36.486000,140.325800,7.510000,3.200000
70247,47,36.485600,140.325900,7.330000,3.800000
70248,2,45.191200,150.300600,0.300000,5.800000
70249,1,26.480000,128.240800,31.080000,2.900000
70250,1,36.031900,137.341800,7.360000,2.200000
70251,27,43.043100,144.598100,61.160000,4.100000
70252,95,36.465600,140.339200,9.090000,3.900000
70253,334,36.485400,140.327000,7.580000,4.600000
70254,67,31.067800,131.267600,30.280000,4.700000
70255,17,36.544400,140.259200,81.190000,3.500000
70256,11,36.480900,140.325900,7.690000,3.300000
70257,2,43.126000,146.327200,50.000000,4.000000
70258,1,43.326900,145.155100,132.760000,3.200000
70259,181,37.228200,141.466400,41.020000,4.600000
70260,1,43.169800,147.020300,35.230000,4.400000
70261,1,44.029600,145.047700,0.000000,1.800000
70262,1,44.030600,145.047800,0.000000,2.200000
70263,3,31.187200,130.344700,9.620000,2.700000
70264,2,28.170000,129.265800,31.400000,2.800000
70265,2,37.481600,141.436000,50.900000,3.600000
70266,1,32.421700,130.428200,13.520000,2.600000
70267,1,32.340500,130.452000,8.890000,2.400000
70268,1,34.153200,135.258800,7.210000,1.900000
70269,28,39.269600,142.437100,32.450000,4.400000
70270,9,38.425100,142.147800,38.930000,3.700000
70271,1,31.217500,130.408700,117.890000,3.200000
70272,1,41.314500,141.338100,84.340000,2.800000
70273,2,33.093400,140.486700,54.350000,4.400000
70274,1,35.479000,137.297400,7.620000,2.300000
70275,2,35.171200,133.211000,5.760000,2.200000
70276,1,32.277400,130.385600,9.800000,2.400000
70277,6,36.423700,140.366000,9.310000,3.300000
70278,3,36.425000,140.362900,8.820000,2.900000
70279,418,37.437200,141.480100,41.220000,5.300000
70280,3,42.444200,141.538400,15.000000,2.300000
70281,16,45.063500,141.527700,6.950000,4.200000
70282,1,45.061200,141.516700,7.060000,2.400000
70283,9,42.420600,141.589200,35.530000,3.100000
70284,8,36.256100,141.003800,45.320000,3.600000
70285,1,24.156200,123.460400,15.580000,2.900000
70286,5,38.134800,138.237700,15.310000,3.700000
70287,2,39.582700,142.240400,36.780000,3.700000
70288,2,28.117700,129.300700,33.250000,3.200000
70289,5,36.381900,141.391900,62.700000,4.100000
70290,3,39.387700,142.067200,48.150000,3.400000
70291,1,37.029500,139.322400,8.830000,2.600000
70292,2,35.296200,138.573500,17.900000,2.600000
70293,165,35.018500,139.270200,33.320000,4.300000
70294,1,34.051600,139.238700,15.050000,2.700000
70295,6,36.366800,138.214700,0.630000,2.900000
70296,2,24.416600,124.500500,18.960000,4.100000
70297,7,24.453500,125.152400,46.690000,4.100000
70298,69,35.092500,140.339800,58.920000,4.300000
70299,70,42.456300,141.537600,30.880000,4.400000
70300,1,34.336400,139.193200,10.880000,2.200000
70301,15,35.281400,138.567600,22.690000,3.300000
70302,2,34.500600,137.021900,10.800000,2.400000
70303,1,32.482400,130.336000,11.730000,2.500000
70304,2,40.212800,142.047600,50.510000,3.500000
70305,1,42.006100,142.433400,33.610000,3.200000
70306,9,37.087500,141.016100,92.720000,3.600000
70307,1,31.152500,130.227000,155.130000,3.800000
70308,40,27.183300,128.259100,46.600000,5.100000
70309,1,29.373200,129.476300,0.000000,2.900000
70310,1,29.375200,129.418300,13.160000,3.000000
70311,26,43.245600,145.567400,98.280000,4.400000
70312,5,40.487000,139.526600,13.420000,3.700000
70313,153,36.172700,140.401900,88.650000,4.100000
70314,380,40.307900,142.107100,50.040000,5.500000
70315,13,30.344900,131.092700,30.410000,4.500000
70316,2,35.482200,137.336300,8.100000,2.600000
70317,1,35.014900,138.220100,27.370000,2.600000
70318,13,28.178300,129.347500,33.340000,4.100000
70319,11,38.494100,142.106100,44.890000,3.900000
70320,8,40.127500,140.109000,16.640000,3.300000
70321,11,38.536300,142.069600,43.740000,4.000000
70322,1,39.171600,139.362900,16.910000,3.200000
70323,6,39.032900,141.410500,76.070000,3.300000
70324,8,31.352700,131.496600,22.570000,4.000000
70325,24,42.039400,140.262300,9.840000,4.200000
70326,1,32.418800,129.477500,4.480000,2.000000
70327,113,38.587500,140.537500,6.910000,4.400000
70328,1,31.507300,130.420200,8.690000,2.100000
70329,6,32.352600,132.125300,31.910000,3.500000
70330,2,39.066800,142.069500,45.270000,3.400000
70331,1,35.055200,139.069100,0.000000,1.900000
70332,1,36.454200,139.265400,4.270000,2.400000
70333,1,34.126400,135.138700,3.730000,2.100000
70334,35,43.298900,146.099400,92.650000,4.800000
70335,1,29.324300,129.439400,0.080000,1.800000
70336,2,34.029400,133.043200,14.540000,2.800000
70337,1,43.305700,144.007800,1.490000,2.600000
70338,1,40.010800,140.270800,5.960000,3.100000
70339,2,39.594900,141.599900,69.590000,3.400000
70340,136,38.317800,141.489100,49.490000,4.700000
70341,22,32.082600,130.032900,8.400000,3.800000
70342,5,32.083900,130.035300,8.190000,3.000000
70343,1,32.521000,130.396200,7.690000,2.100000
70344,8,32.083200,130.034300,8.830000,3.300000
70345,1,36.391200,139.276100,4.260000,2.200000
70346,2,32.084600,130.035200,8.210000,2.600000
70347,1,26.128900,128.255600,0.190000,3.700000
70348,2,34.028800,133.039300,14.610000,2.800000
70349,54,37.562300,142.458900,28.510000,4.800000
70350,4,32.081300,130.032600,8.670000,3.000000
70351,1,29.362500,129.418200,6.430000,2.000000
70352,8,24.081100,123.490500,17.760000,4.600000
70353,5,37.370600,141.512900,37.220000,3.800000
70354,11,28.171800,129.360200,32.000000,4.000000
70355,1,32.083500,130.033900,8.380000,2.700000
70356,1,24.081300,123.486700,18.020000,3.300000
70357,6,40.091600,142.257800,34.770000,3.900000
70358,2,27.506800,142.313900,73.030000,5.100000
70359,7,38.285700,142.065000,41.280000,4.000000
70360,1,36.479700,141.207100,33.680000,3.700000
70361,2,39.382400,142.064900,48.030000,3.400000
70362,1,34.595000,139.011400,3.830000,1.700000
